,SPY buy & hold,60/40 SPY/AGG,SPY 10-mo SMA,SPY 12-mo abs. momentum,SPY trend ensemble,GTAA-4 (no commodities),GTAA-5
2006*,0.12124754889194,0.08706412149619136,0.12124754889194,0.12124754889194,0.11578399674302897,0.14604586181090284,0.11788362528095009
2007,0.05146201462757505,0.057267639487985855,0.05146201462757505,0.05146201462757505,0.05232942400418561,0.05061074226425544,0.09297941028431533
2008,-0.36794931923791196,-0.18914097041648603,0.01544887911234305,-0.04627007837047836,-0.011642948129895858,-0.0638163193728164,-0.03274080937941737
2009,0.26351688397318274,0.16844660700668346,0.21965992072306517,0.07694501702464818,0.17353417507445168,0.14442413543225463,0.12576266930977797
2010,0.15056139998279394,0.1159781136619733,-0.023385426227058304,0.15056149770649885,0.04443262557963901,0.046492427135868875,0.030434568929598838
2011,0.018949730476600424,0.04250783236270794,-0.018922870765526123,0.018949740978850382,-0.006965389574833281,0.015777543464494448,-0.001432560707601671
2012,0.1599034685052514,0.11017182771194145,0.09985018435686999,0.09310362325999022,0.09137181462459232,0.06239515984965327,0.0018948632586648362
2013,0.32307714212099237,0.1848434190279653,0.32307737274543835,0.32307722618895807,0.32307723856797854,0.1047043076173031,0.07649817747800847
2014,0.13463810441581292,0.10449450273053618,0.134638177050181,0.13463813089272936,0.1346381347914598,0.10181318551713603,0.07022181591325305
2015,0.012342662296772833,0.009366823595492901,-0.06730811778253831,-0.06752549320410262,-0.0738118677712628,-0.04360427216495244,-0.03472495822018373
2016,0.11997910996549388,0.08209900946136517,0.04923115534052447,0.04923090735818536,0.05379132439554568,0.023080130801927723,0.037720246597811924
2017,0.21705371020848663,0.144295665856361,0.21705374832149582,0.21705373880797096,0.21705375877317734,0.10963755090217053,0.09199057316913573
2018,-0.04568985869107056,-0.025884949954628977,-0.07440352392824234,-0.045689866128957535,-0.0394328456713503,-0.029359760068554785,-0.0171997050675311
2019,0.3122385159486487,0.2223819331821304,0.06658222977077011,0.15416134974920692,0.11395763507588041,0.08151803165416638,0.06931291717055577
2020,0.18331621226609718,0.1399123969180689,0.15478684535367604,-0.03431861946950476,0.07288669179270135,0.06892628246181931,0.03077562559895619
2021,0.28728751568364586,0.16506557493731355,0.287287534980325,0.28728751583552214,0.2813447100312625,0.17880667530701855,0.22512999290361146
2022,-0.18175368745562315,-0.1607760436864356,-0.2066360879787178,-0.11370948414177073,-0.14854524946043512,-0.10135114773110299,-0.045769615107964734
2023,0.26175792830299094,0.18000090033350702,0.10738313651204057,0.10705746017350637,0.1335313539505807,0.06333915498752796,0.044902884669820065
2024,0.24886463309676232,0.15453056658112585,0.2488646458551933,0.24886466679410235,0.24886465887813736,0.07447074005597143,0.06283338574225916
2025,0.17719048612245536,0.13514940853305246,0.12322300478043768,0.1771905056139027,0.12749834385705694,0.12120694853581937,0.09622475031565214
2026*,0.13081637780897037,0.0777310387950294,0.027280497711674734,0.13081639131256528,0.0716529395468275,0.046864612835614716,0.11477104860605625
