,SPY buy & hold,60/40 SPY/AGG,SPY 10-mo SMA,SPY 12-mo abs. momentum,SPY trend ensemble
1988*,0.03652689165766132,0.035456377901049496,0.03652689165766132,0.02051274273398418,0.027240655286188575
1989,0.31458923602471645,0.24448837662740308,0.31458923602471645,0.3145892095678795,0.30890891695391165
1990,-0.03305468455722527,0.016813285825072466,-0.1440585847523559,0.05525023639187765,-0.0811486116272524
1991,0.3025895517359418,0.24473310688680372,0.20529125173339668,0.2577663750946231,0.1930578951412223
1992,0.08259214324649844,0.07922652492333304,0.08166464569118226,0.08259216431436589,0.07482588677177304
1993,0.08818551179091494,0.09234441819546979,0.08818550879412967,0.0881855362887134,0.08818551218553705
1994,0.003973240898316632,-0.0075660365238220395,-0.04955210138542521,-0.07813942615522362,-0.06733835733577176
1995,0.38049049208355146,0.3016169392611139,0.3758560887363027,0.2958448755853229,0.3495717785498218
1996,0.224973866976812,0.1499165440132859,0.22497388344749325,0.22497387505329058,0.2189829103451031
1997,0.33475077821070776,0.23916897365725243,0.33475080128172263,0.3347507895236923,0.3347508432613935
1998,0.28692510787061365,0.20717513932163834,0.11867843917448706,0.2869251153810819,0.1601464948947644
1999,0.2038935789204317,0.11989608345002134,0.131779502518234,0.20389358294305415,0.1711885972648397
2000,-0.09741546319227057,-0.010873865493322588,0.003881530474973083,-0.015511719945943137,-0.04379136488797464
2001,-0.11758490567096036,-0.03653180867130956,0.03412805024843424,0.034128050248433794,0.03467405623048325
2002,-0.2158465130481062,-0.09496890825653437,-0.0419279262715897,0.01618420883081395,-0.03919330605133742
2003,0.2818157940732715,0.18392553598568906,0.2294519496366072,0.1380135926410999,0.2206665557625862
2004,0.1069795912492606,0.07940763573712473,0.08990462697082569,0.10697960887280167,0.08368276234308136
2005,0.04828261031299319,0.03807602937247734,0.04828261341828788,0.048282613140858244,0.03042032004656292
2006,0.15845223913701734,0.11050415099904898,0.1584522597882312,0.1584522579432326,0.15281403776504487
2007,0.05146201936022865,0.05727178566152591,0.05146202056534532,0.051462020457679,0.05233266952899629
2008,-0.36794957167464326,-0.18913985384762155,0.01544991259968631,-0.04626901218482171,-0.011638065328219871
2009,0.2635171618351988,0.16844943190777717,0.21966093092707473,0.07694590156788883,0.17353990944638586
2010,0.1505615253792243,0.11598011093158389,-0.02338166447575396,0.1505615617767444,0.04443964999313299
2011,0.01894974395280502,0.04250956963525354,-0.018921783635352685,0.018949747864402733,-0.006959220518380493
2012,0.15990358274958538,0.11017374211354336,0.09985085664818749,0.09310559331423551,0.09137584216765604
2013,0.32307734203020044,0.1848452337037454,0.3230773956753501,0.32307740213560465,0.3230773838522638
2014,0.13463816737652579,0.10449554181775356,0.13463818427187602,0.13463818630651025,0.13463818054823684
2015,0.012342667183487865,0.009367679398964546,-0.06730708681908659,-0.06752422803789226,-0.07380756600283755
2016,0.11997915768081757,0.08210056197162818,0.04923268053472318,0.04923278323881619,0.05379708382020154
2017,0.21705378620833038,0.14429673266076182,0.21705380724314938,0.21705381067126206,0.21705380194256962
2018,-0.04568987845639927,-0.025884018593285596,-0.07440267571349912,-0.045689884818489235,-0.03942926762707499
2019,0.31223861039633527,0.22238355970090207,0.06658384510836135,0.15416280954569195,0.11396095538409634
2020,0.18331625757837888,0.13991315773289892,0.15478778506774393,-0.034317787481323525,0.0728904367273524
2021,0.2872875770220791,0.16506635418040716,0.28728759418074845,0.28728759368896517,0.2813457822269081
2022,-0.18175372104206067,-0.16077552594086442,-0.2066350586066653,-0.11370914632470053,-0.14854362471830196
2023,0.26175797186239014,0.18000176300917414,0.10738467421231146,0.10705774905414955,0.13353531888164216
2024,0.2488646672806103,0.1545312209210441,0.2488646710514686,0.24886467917958877,0.24886467402752466
2025,0.17719050589531182,0.13514986112708716,0.12322368875877787,0.17719051277800135,0.12749973532326186
2026*,0.1308163915075251,0.07773138085990139,0.027280964219462245,0.1308163962758231,0.07165327875867122
