sample,strategy,t_months,sr_annual,skew,kurtosis,n_all,sd_sr_all_annual,sr0_all_annual,dsr_all,family,n_family,sr0_family_annual,dsr_family,psr_0
long,spy_buy_hold,457,0.6099379191673664,-0.4848808206151639,3.9449755379545928,38,0.07600010058857133,0.16485467281023103,0.9954236538753527,buy_hold,1,0.0,0.9998226274766925,0.9998226274766925
long,sixty_forty,457,0.6879654530762628,-0.47094022910504435,3.848251403333336,38,0.07600010058857133,0.16485467281023103,0.998835966348296,sixty_forty,1,0.0,0.9999689118557116,0.9999689118557116
long,trend_sma10,457,0.6361274826886779,-0.49704055253562546,4.729147024140283,38,0.07600010058857133,0.16485467281023103,0.996944487094738,trend_sma,16,0.1703318386039348,0.9966348138138204,0.9998925619840544
long,trend_absmom12,457,0.7224223576700768,-0.21826730356983887,4.785138569495219,38,0.07600010058857133,0.16485467281023103,0.9995116581342184,trend_absmom,16,0.11647002458710069,0.9998303464226845,0.9999903145449406
long,trend_ensemble,457,0.6980010965502131,-0.47126530512023157,4.642379968864974,38,0.07600010058857133,0.16485467281023103,0.9989961049099026,trend_ensemble,1,0.0,0.9999737549980298,0.9999737549980298
proxy,spy_buy_hold,363,0.5704772042790058,-0.5196824990095541,3.7776032865471136,392,0.08645176848866772,0.2575056590941646,0.9490482942393266,buy_hold,1,0.0,0.9985658314437652,0.9985658314437652
proxy,sixty_forty,363,0.6446148622019958,-0.523953308694534,3.735812862855114,392,0.08645176848866772,0.2575056590941646,0.977677175934127,sixty_forty,1,0.0,0.9995866365291536,0.9995866365291536
proxy,trend_sma10,363,0.64410225331682,-0.5097682856473617,4.827736830784122,392,0.08645176848866772,0.2575056590941646,0.9772156841552397,trend_sma,16,0.17390330609906812,0.992486646795054,0.999567502658065
proxy,trend_absmom12,363,0.7101077165122877,-0.35137275740834106,4.753298635751092,392,0.08645176848866772,0.2575056590941646,0.9908118044327789,trend_absmom,16,0.09681509110295447,0.9993010973541037,0.9998919820156033
proxy,trend_ensemble,363,0.7092923272567959,-0.5174995286327757,4.790565408271541,392,0.08645176848866772,0.2575056590941646,0.9897825967200413,trend_ensemble,1,0.0,0.9998634765049834,0.9998634765049834
proxy,gtaa4,363,0.6436261645359228,-0.6458890224137263,4.272114460107182,392,0.08645176848866772,0.2575056590941646,0.9760980224222272,gtaa4,352,0.25450602273936673,0.9769502998409797,0.999514821487143
etf,spy_buy_hold,246,0.665023244252707,-0.5468309957576127,4.108856600739257,116,0.10035172285993513,0.2591471011639335,0.9575078309115472,buy_hold,1,0.0,0.997615580827166,0.997615580827166
etf,sixty_forty,246,0.7040323780696796,-0.5817176440737732,4.058604935937588,116,0.10035172285993513,0.2591471011639335,0.9695816787144561,sixty_forty,1,0.0,0.9984948709683283,0.9984948709683283
etf,trend_sma10,246,0.6414724341416773,-0.49127375875373774,4.197834850680362,116,0.10035172285993513,0.2591471011639335,0.9488221636074755,trend_sma,16,0.13253036842128765,0.9851672084567548,0.9969353392457833
etf,trend_absmom12,246,0.6686672128663633,-0.30037065166722593,4.399513302146845,116,0.10035172285993513,0.2591471011639335,0.961857297707655,trend_absmom,16,0.13678973804301325,0.9893407789578199,0.9981006283064429
etf,trend_ensemble,246,0.7356035918169426,-0.4068896455815346,3.838091166243878,116,0.10035172285993513,0.2591471011639335,0.9791106485679189,trend_ensemble,1,0.0,0.9991637422478217,0.9991637422478217
etf,gtaa4,246,0.5557685966749167,-0.5803484156125084,4.209772293105701,116,0.10035172285993513,0.2591471011639335,0.8979549492919423,gtaa4,37,0.15518621540301342,0.9568359176774771,0.9913324623178178
etf,gtaa5,246,0.5836096026338917,-0.47368830151928154,4.173200930209701,116,0.10035172285993513,0.2591471011639335,0.918699649447299,gtaa5,37,0.1405333153068422,0.9717301229487757,0.9939917660184007
