strategy,capital,shares,cagr,max_dd,final_value,fees,fees_pct_per_year,spread_cost,orders,skipped_buys_below_1,avg_cash,sharpe
spy_buy_hold,1.0,fractional,0.1115276475379563,-0.5509481713070433,8.7370641874747,0.01,0.00017253498449074697,4.9997495984221985e-05,1,3,0.013580020780105027,0.6684763944879051
spy_buy_hold,1.0,whole,0.016925311466283288,-3.5714254220664543e-06,1.410670782441514,0.0,0.0,0.0,0,0,1.0,0.0090974779419173
spy_buy_hold,100.0,fractional,0.11120978855875441,-0.5518553621528497,868.598744824564,0.01,1.7361888744033567e-06,0.004999750008863657,1,12,4.9223932288995345e-05,0.66514443127025
spy_buy_hold,100.0,whole,0.12294480430226673,-0.326226255246831,1077.326657911199,0.01,1.386969481589328e-06,0.0048389999391673655,1,0,0.17672445044677665,0.8227866282172095
spy_buy_hold,1000.0,fractional,0.11121784464068574,-0.5518898880829954,8687.278464092773,0.01,1.7359609089806573e-07,0.05000549972282897,1,0,5.589666139070861e-06,0.6651675178534754
spy_buy_hold,1000.0,whole,0.11250927214630901,-0.5246797946617436,8896.611069448163,0.02,3.3865093098860843e-07,0.04984900206947884,2,0,0.018637766923858608,0.6836787750306421
spy_buy_hold,10000.0,fractional,0.111218695580515,-0.5518938334427419,86874.14840891349,0.01,1.735937091012011e-08,0.5000634968200757,1,0,6.034832144359988e-07,0.6651697374038539
spy_buy_hold,10000.0,whole,0.11135296758906299,-0.5492488357057357,87089.59622665403,0.02,3.4629683861611894e-08,0.49994902337304836,2,0,0.0018268866374160115,0.6670225630532179
spy_buy_hold,100000.0,fractional,0.11121878521362616,-0.5518942772932842,868742.9206158088,0.01,1.7359346067703261e-09,5.00064396779635,1,0,4.254080724618462e-08,0.6651699505176583
spy_buy_hold,100000.0,whole,0.11123603670022209,-0.5516715199779338,869019.4477987128,0.02,3.4708046119109135e-09,5.00094923641511,2,0,0.0001305084871185231,0.6653478910748014
sixty_forty,1.0,fractional,0.016925311466283288,-3.5714254220664543e-06,1.410670782441514,0.0,0.0,0.0,0,42,1.0,0.0090974779419173
sixty_forty,1.0,whole,0.016925311466283288,-3.5714254220664543e-06,1.410670782441514,0.0,0.0,0.0,0,0,1.0,0.0090974779419173
sixty_forty,100.0,fractional,0.08252891348974578,-0.33678091960749557,508.1709671155934,0.6000000000000001,0.000130499486760045,0.040043195441989254,40,2,0.0003346454863676051,0.7037530345188895
sixty_forty,100.0,whole,0.016925311466283066,-3.5714254220664543e-06,141.067078244151,0.0,0.0,0.0,0,0,1.0,-0.14814190537080185
sixty_forty,1000.0,fractional,0.08263196416132712,-0.3374667192380193,5091.635760268473,0.6000000000000001,1.3034267263351549e-05,0.40224625552110793,42,0,3.0505965416005202e-06,0.7044097975557493
sixty_forty,1000.0,whole,0.08576295865544825,-0.31227447665805586,5402.1661673692915,0.23,4.836262159992597e-06,0.32947649883421753,17,0,0.040711646265739164,0.7451917581086637
sixty_forty,10000.0,fractional,0.08264713627329523,-0.33744101279151417,50930.98731293824,0.92,1.9981464435231187e-06,4.023843025823208,42,0,3.452718728953138e-07,0.7045629796226248
sixty_forty,10000.0,whole,0.0822249380579525,-0.34021400638056154,50525.37140536886,0.81,1.7725912739652006e-06,3.704559021194143,37,0,0.004986823940510441,0.7018919492121379
sixty_forty,100000.0,fractional,0.0826485007409059,-0.33743859663067033,509323.0319689602,4.58,9.947098613497658e-07,40.239658494124065,42,0,3.427442915750552e-08,0.7045767109716992
sixty_forty,100000.0,whole,0.08261878621056051,-0.33696730424219357,509036.5400639055,4.5600000000000005,9.905651011180669e-07,40.08222721690027,42,0,0.000549289111537354,0.7046945919001332
trend_sma10,1.0,fractional,0.06658608811755684,-0.27531810263166423,3.749007003436936,0.64,0.01542281989307044,0.003480221126318363,33,29,0.21286326126089064,0.49553685438393985
trend_sma10,1.0,whole,0.016925311466283288,-3.5714254220664543e-06,1.410670782441514,0.0,0.0,0.0,0,0,1.0,0.0090974779419173
trend_sma10,100.0,fractional,0.08348480801859326,-0.2422679048685611,517.4494607808668,0.66,0.00013076829301313333,0.4333931814662132,33,0,0.1991377960104268,0.6472690132902177
trend_sma10,100.0,whole,0.023747759144861824,-0.17812794764727302,161.7915237280271,0.12,4.516918553843884e-05,0.03276277249573645,6,0,0.9101913192982316,0.18371285541752908
trend_sma10,1000.0,fractional,0.08361032940438862,-0.24207450581166468,5186.79750296039,1.62,3.204622758307818e-05,4.341582823925577,33,0,0.19911070567110553,0.6483617723392278
trend_sma10,1000.0,whole,0.08159822960899898,-0.22684353336715135,4992.8939138854375,1.54,3.1407105038862705e-05,3.9819637809887416,33,0,0.2367853206447789,0.6554484857036411
trend_sma10,10000.0,fractional,0.08362212143174186,-0.2420532483051353,51879.547193491475,11.370000000000001,2.2488379399889522e-05,43.422913829101475,33,0,0.19910841223487621,0.6484647136311575
trend_sma10,10000.0,whole,0.0834849359301717,-0.24115898298379457,51745.07130836128,11.3,2.23821270223141e-05,43.19933804072601,33,0,0.20151916719506371,0.6492565500517661
trend_sma10,100000.0,fractional,0.0836232453577479,-0.242051627037301,518806.5029197596,109.1,2.1578254337378526e-05,434.2359335636262,33,0,0.19910820954615113,0.6484745250277757
trend_sma10,100000.0,whole,0.0835845251181162,-0.24189663750919854,518426.6043142607,108.97,2.156204835104701e-05,433.7895010646829,33,0,0.19953544804502132,0.6484405889851392
trend_absmom12,1.0,fractional,0.0853426910142221,-0.33676479142330074,5.359461578291268,0.29000000000000004,0.006299760357293576,0.0014315192054244522,15,63,0.18892306905374806,0.607347054742268
trend_absmom12,1.0,whole,0.016925311466283288,-3.5714254220664543e-06,1.410670782441514,0.0,0.0,0.0,0,0,1.0,0.0090974779419173
trend_absmom12,100.0,fractional,0.09333053740062791,-0.33716325693619653,622.8813203472396,0.29,5.67380875157217e-05,0.15746693129736916,15,0,0.1747023364974784,0.670911330739149
trend_absmom12,100.0,whole,0.04564577045358953,-0.18277056216252163,249.68013748604565,0.12,3.250705370225509e-05,0.049193742082503225,6,0,0.7148597013618357,0.43941687647060895
trend_absmom12,1000.0,fractional,0.09339623283822696,-0.3371718555175566,6236.4903061963505,0.69,1.3487232740934498e-05,1.5760499629669327,15,0,0.17468222282770215,0.6714212652391023
trend_absmom12,1000.0,whole,0.08927680674601013,-0.3082307428310288,5772.105495280201,0.6299999999999999,1.2925730281629272e-05,1.4194324027094734,15,0,0.22372121997959873,0.6740865380183609
trend_absmom12,10000.0,fractional,0.09340305177196084,-0.3371725472238907,62372.87675324833,4.58,8.951533038835506e-06,15.761927066805175,15,0,0.17468038919908024,0.671473950616315
trend_absmom12,10000.0,whole,0.09320024094130486,-0.3362456215473749,62136.134776117295,4.55,8.919048647141488e-06,15.653371915449913,15,0,0.1777043476162225,0.6714082811949674
trend_absmom12,100000.0,fractional,0.0934036371593101,-0.3371725682211135,623735.6131866287,43.78,8.556658616339854e-06,157.6204658252704,15,0,0.17468012480150133,0.6714784262743341
trend_absmom12,100000.0,whole,0.09337771808078887,-0.3371659858215914,623432.5779901437,43.76,8.555553866331539e-06,157.52879270118473,16,0,0.17495139752230765,0.6714390850560862
trend_ensemble,1.0,fractional,0.001527060971186378,-0.3245790375656886,1.0317752600598464,0.43000000000000005,0.021505588239830536,0.00036311745400673145,17,195,0.825792793346764,-0.2903300138539976
trend_ensemble,1.0,whole,0.016925311466283288,-3.5714254220664543e-06,1.410670782441514,0.0,0.0,0.0,0,0,1.0,0.0090974779419173
trend_ensemble,100.0,fractional,0.09049807991376246,-0.21227748251199374,590.6232748298833,1.87,0.0003602429317203191,0.3447744663725054,94,0,0.20675985339905456,0.7369982855285162
trend_ensemble,100.0,whole,0.01960089205921789,-0.11435369567660947,148.8741307416451,0.06999999999999999,2.836478045642339e-05,0.010726294182937763,3,0,0.9699551553243885,0.11210312989145398
trend_ensemble,1000.0,fractional,0.09095503916661607,-0.21220439273999858,5957.1766622015875,2.5300000000000002,4.841771931997252e-05,3.4713767242003,94,0,0.20675798645647772,0.7411596456637527
trend_ensemble,1000.0,whole,0.08540822077818033,-0.19087453917830277,5366.099045969096,2.07,4.2265081637990885e-05,3.030581133102328,78,0,0.2553847956867019,0.7296808012391053
trend_ensemble,10000.0,fractional,0.09099675086835068,-0.21219703137087176,59618.47634607114,10.37,1.9833588545593562e-05,34.73532068829783,94,0,0.20675847759020288,0.7415397543053374
trend_ensemble,10000.0,whole,0.09057441177782799,-0.211941130660957,59147.13645566646,10.19,1.9561214705266158e-05,34.43781712727387,90,0,0.2097374695938268,0.7398995327245665
trend_ensemble,100000.0,fractional,0.0910004150735737,-0.212196366982902,596225.8127164638,90.44,1.7296585688302058e-05,347.3720342310054,94,0,0.20675843424100765,0.7415728427083828
trend_ensemble,100000.0,whole,0.09099712612956501,-0.21210511382399666,596188.9673029778,90.30999999999999,1.7272676833487914e-05,346.9843716687751,93,0,0.20706919364221682,0.7417850151626522
gtaa4,1.0,fractional,0.016925311466283288,-3.5714254220664543e-06,1.410670782441514,0.0,0.0,0.0,0,700,1.0,0.0090974779419173
gtaa4,1.0,whole,0.016925311466283288,-3.5714254220664543e-06,1.410670782441514,0.0,0.0,0.0,0,0,1.0,0.0090974779419173
gtaa4,100.0,fractional,0.054778901570584626,-0.1422862394533303,298.4072703152003,6.560000000000001,0.0017963325443749582,0.815311993047456,542,225,0.2911567859015423,0.5388738682586047
gtaa4,100.0,whole,0.016925311466283066,-3.5714254220664543e-06,141.067078244151,0.0,0.0,0.0,0,0,1.0,-0.14814190537080185
gtaa4,1000.0,fractional,0.056831933721863015,-0.14237066602424586,3105.42837384469,7.32,0.0001951729145422475,8.494280628805909,736,29,0.28849924400371185,0.5636978093829631
gtaa4,1000.0,whole,0.051307256453878125,-0.11959312159028646,2789.061381249314,3.65,0.00010301848804617107,7.52394592905282,220,0,0.37581412279794074,0.5416461601898584
gtaa4,10000.0,fractional,0.05701735104036132,-0.14226831314561117,31166.166407829387,16.14,4.292993703815773e-05,85.17878763593023,770,0,0.2884570431953654,0.5660771169527604
gtaa4,10000.0,whole,0.05678498812612487,-0.14260573143987987,31026.01696615842,15.209999999999999,4.052035237328807e-05,84.42681833358358,498,0,0.29260072543325205,0.5650627406188945
gtaa4,100000.0,fractional,0.05703303813759053,-0.14225829091752518,311756.4973123473,111.09,2.954212777583083e-05,851.9754253243191,773,0,0.2884569127921569,0.5662796584748373
gtaa4,100000.0,whole,0.05703224996401324,-0.14210432940261342,311751.7319105205,110.80999999999997,2.9471718938902507e-05,849.8854127916231,722,0,0.2888374326334343,0.5665231559058681
gtaa5,1.0,fractional,0.016925311466283288,-3.5714254220664543e-06,1.410670782441514,0.0,0.0,0.0,0,831,1.0,0.0090974779419173
gtaa5,1.0,whole,0.016925311466283288,-3.5714254220664543e-06,1.410670782441514,0.0,0.0,0.0,0,0,1.0,0.0090974779419173
gtaa5,100.0,fractional,0.052935696419020406,-0.14582093541032126,287.8975113091079,6.700000000000001,0.0019601990665894602,0.9772576132458299,629,281,0.32757905713207064,0.5629071833199629
gtaa5,100.0,whole,0.024088902167441972,-0.03018708754234034,162.9003532490192,0.66,0.0002701582166446438,0.2149973933990551,35,0,0.9430295729743485,0.412944018823734
gtaa5,1000.0,fractional,0.05506953277766402,-0.14523082935334186,3000.9736570061295,7.300000000000001,0.00020784213868719462,10.210044940975793,876,40,0.3241267327994158,0.5912489931625933
gtaa5,1000.0,whole,0.045030569429106215,-0.13767052890511888,2466.8593654965,4.6,0.00014392581017344408,8.780775239873979,314,0,0.4557526269616876,0.5159590846170173
gtaa5,10000.0,fractional,0.05525889682575147,-0.1451479865462214,30120.346127053115,15.850000000000001,4.501989290095946e-05,102.38616487780267,918,0,0.32406591751929215,0.5939352786666695
gtaa5,10000.0,whole,0.055067230928685706,-0.14495758497628297,30008.39441544137,15.15,4.306058683556227e-05,101.82510850935351,601,0,0.328843085906452,0.594423161395953
gtaa5,100000.0,fractional,0.055275388817362714,-0.14514065109412422,301299.97610715963,107.71000000000001,3.058720880690584e-05,1024.0857385864451,921,0,0.32406581650639177,0.5941715580062231
gtaa5,100000.0,whole,0.05529703484323689,-0.14499709107608405,301426.69815440406,107.42,3.049816044909176e-05,1022.378075512733,866,0,0.32439059807797094,0.594768563869803
